Name,Price
SPOT ON 46750 Phoenica Residency SPOT,400
SPOT ON 46750 Phoenica Residency SPOT,412
SPOT ON 46750 Phoenica Residency SPOT,750
SPOT ON 46750 Phoenica Residency SPOT,724
SPOT ON 46750 Phoenica Residency SPOT,750
SPOT ON 46750 Phoenica Residency SPOT,550
SPOT ON 46750 Phoenica Residency SPOT,853
SPOT ON 46750 Phoenica Residency SPOT,760
SPOT ON 46750 Phoenica Residency SPOT,750
SPOT ON 46750 Phoenica Residency SPOT,857
SPOT ON 46750 Phoenica Residency SPOT,706
SPOT ON 46750 Phoenica Residency SPOT,932
SPOT ON 46750 Phoenica Residency SPOT,765
SPOT ON 46750 Phoenica Residency SPOT,800
SPOT ON 46750 Phoenica Residency SPOT,1121
SPOT ON 46750 Phoenica Residency SPOT,741
SPOT ON 46750 Phoenica Residency SPOT,802
SPOT ON 46750 Phoenica Residency SPOT,815
SPOT ON 46750 Phoenica Residency SPOT,839
SPOT ON 46750 Phoenica Residency SPOT,1121
SPOT ON 18436 Palmgrove Residency SPOT,400
SPOT ON 18436 Palmgrove Residency SPOT,412
SPOT ON 18436 Palmgrove Residency SPOT,750
SPOT ON 18436 Palmgrove Residency SPOT,724
SPOT ON 18436 Palmgrove Residency SPOT,750
SPOT ON 18436 Palmgrove Residency SPOT,550
SPOT ON 18436 Palmgrove Residency SPOT,853
SPOT ON 18436 Palmgrove Residency SPOT,760
SPOT ON 18436 Palmgrove Residency SPOT,750
SPOT ON 18436 Palmgrove Residency SPOT,857
SPOT ON 18436 Palmgrove Residency SPOT,706
SPOT ON 18436 Palmgrove Residency SPOT,932
SPOT ON 18436 Palmgrove Residency SPOT,765
SPOT ON 18436 Palmgrove Residency SPOT,800
SPOT ON 18436 Palmgrove Residency SPOT,1121
SPOT ON 18436 Palmgrove Residency SPOT,741
SPOT ON 18436 Palmgrove Residency SPOT,802
SPOT ON 18436 Palmgrove Residency SPOT,815
SPOT ON 18436 Palmgrove Residency SPOT,839
SPOT ON 18436 Palmgrove Residency SPOT,1121
OYO 47344 Morjim Palms Stays,400
OYO 47344 Morjim Palms Stays,412
OYO 47344 Morjim Palms Stays,750
OYO 47344 Morjim Palms Stays,724
OYO 47344 Morjim Palms Stays,750
OYO 47344 Morjim Palms Stays,550
OYO 47344 Morjim Palms Stays,853
OYO 47344 Morjim Palms Stays,760
OYO 47344 Morjim Palms Stays,750
OYO 47344 Morjim Palms Stays,857
OYO 47344 Morjim Palms Stays,706
OYO 47344 Morjim Palms Stays,932
OYO 47344 Morjim Palms Stays,765
OYO 47344 Morjim Palms Stays,800
OYO 47344 Morjim Palms Stays,1121
OYO 47344 Morjim Palms Stays,741
OYO 47344 Morjim Palms Stays,802
OYO 47344 Morjim Palms Stays,815
OYO 47344 Morjim Palms Stays,839
OYO 47344 Morjim Palms Stays,1121
SPOT ON 46856 Hotel Venkatesh Leela  SPOT,400
SPOT ON 46856 Hotel Venkatesh Leela  SPOT,412
SPOT ON 46856 Hotel Venkatesh Leela  SPOT,750
SPOT ON 46856 Hotel Venkatesh Leela  SPOT,724
SPOT ON 46856 Hotel Venkatesh Leela  SPOT,750
SPOT ON 46856 Hotel Venkatesh Leela  SPOT,550
SPOT ON 46856 Hotel Venkatesh Leela  SPOT,853
SPOT ON 46856 Hotel Venkatesh Leela  SPOT,760
SPOT ON 46856 Hotel Venkatesh Leela  SPOT,750
SPOT ON 46856 Hotel Venkatesh Leela  SPOT,857
SPOT ON 46856 Hotel Venkatesh Leela  SPOT,706
SPOT ON 46856 Hotel Venkatesh Leela  SPOT,932
SPOT ON 46856 Hotel Venkatesh Leela  SPOT,765
SPOT ON 46856 Hotel Venkatesh Leela  SPOT,800
SPOT ON 46856 Hotel Venkatesh Leela  SPOT,1121
SPOT ON 46856 Hotel Venkatesh Leela  SPOT,741
SPOT ON 46856 Hotel Venkatesh Leela  SPOT,802
SPOT ON 46856 Hotel Venkatesh Leela  SPOT,815
SPOT ON 46856 Hotel Venkatesh Leela  SPOT,839
SPOT ON 46856 Hotel Venkatesh Leela  SPOT,1121
OYO 46597 Calangute Beach Stories,400
OYO 46597 Calangute Beach Stories,412
OYO 46597 Calangute Beach Stories,750
OYO 46597 Calangute Beach Stories,724
OYO 46597 Calangute Beach Stories,750
OYO 46597 Calangute Beach Stories,550
OYO 46597 Calangute Beach Stories,853
OYO 46597 Calangute Beach Stories,760
OYO 46597 Calangute Beach Stories,750
OYO 46597 Calangute Beach Stories,857
OYO 46597 Calangute Beach Stories,706
OYO 46597 Calangute Beach Stories,932
OYO 46597 Calangute Beach Stories,765
OYO 46597 Calangute Beach Stories,800
OYO 46597 Calangute Beach Stories,1121
OYO 46597 Calangute Beach Stories,741
OYO 46597 Calangute Beach Stories,802
OYO 46597 Calangute Beach Stories,815
OYO 46597 Calangute Beach Stories,839
OYO 46597 Calangute Beach Stories,1121
SPOT ON 46559 Morjim Guest House SPOT,400
SPOT ON 46559 Morjim Guest House SPOT,412
SPOT ON 46559 Morjim Guest House SPOT,750
SPOT ON 46559 Morjim Guest House SPOT,724
SPOT ON 46559 Morjim Guest House SPOT,750
SPOT ON 46559 Morjim Guest House SPOT,550
SPOT ON 46559 Morjim Guest House SPOT,853
SPOT ON 46559 Morjim Guest House SPOT,760
SPOT ON 46559 Morjim Guest House SPOT,750
SPOT ON 46559 Morjim Guest House SPOT,857
SPOT ON 46559 Morjim Guest House SPOT,706
SPOT ON 46559 Morjim Guest House SPOT,932
SPOT ON 46559 Morjim Guest House SPOT,765
SPOT ON 46559 Morjim Guest House SPOT,800
SPOT ON 46559 Morjim Guest House SPOT,1121
SPOT ON 46559 Morjim Guest House SPOT,741
SPOT ON 46559 Morjim Guest House SPOT,802
SPOT ON 46559 Morjim Guest House SPOT,815
SPOT ON 46559 Morjim Guest House SPOT,839
SPOT ON 46559 Morjim Guest House SPOT,1121
OYO 45767 Calangute Holiday Homes,400
OYO 45767 Calangute Holiday Homes,412
OYO 45767 Calangute Holiday Homes,750
OYO 45767 Calangute Holiday Homes,724
OYO 45767 Calangute Holiday Homes,750
OYO 45767 Calangute Holiday Homes,550
OYO 45767 Calangute Holiday Homes,853
OYO 45767 Calangute Holiday Homes,760
OYO 45767 Calangute Holiday Homes,750
OYO 45767 Calangute Holiday Homes,857
OYO 45767 Calangute Holiday Homes,706
OYO 45767 Calangute Holiday Homes,932
OYO 45767 Calangute Holiday Homes,765
OYO 45767 Calangute Holiday Homes,800
OYO 45767 Calangute Holiday Homes,1121
OYO 45767 Calangute Holiday Homes,741
OYO 45767 Calangute Holiday Homes,802
OYO 45767 Calangute Holiday Homes,815
OYO 45767 Calangute Holiday Homes,839
OYO 45767 Calangute Holiday Homes,1121
OYO 46150 Celebrity Kingdom,400
OYO 46150 Celebrity Kingdom,412
OYO 46150 Celebrity Kingdom,750
OYO 46150 Celebrity Kingdom,724
OYO 46150 Celebrity Kingdom,750
OYO 46150 Celebrity Kingdom,550
OYO 46150 Celebrity Kingdom,853
OYO 46150 Celebrity Kingdom,760
OYO 46150 Celebrity Kingdom,750
OYO 46150 Celebrity Kingdom,857
OYO 46150 Celebrity Kingdom,706
OYO 46150 Celebrity Kingdom,932
OYO 46150 Celebrity Kingdom,765
OYO 46150 Celebrity Kingdom,800
OYO 46150 Celebrity Kingdom,1121
OYO 46150 Celebrity Kingdom,741
OYO 46150 Celebrity Kingdom,802
OYO 46150 Celebrity Kingdom,815
OYO 46150 Celebrity Kingdom,839
OYO 46150 Celebrity Kingdom,1121
OYO 40123 Palm Shades Spring,400
OYO 40123 Palm Shades Spring,412
OYO 40123 Palm Shades Spring,750
OYO 40123 Palm Shades Spring,724
OYO 40123 Palm Shades Spring,750
OYO 40123 Palm Shades Spring,550
OYO 40123 Palm Shades Spring,853
OYO 40123 Palm Shades Spring,760
OYO 40123 Palm Shades Spring,750
OYO 40123 Palm Shades Spring,857
OYO 40123 Palm Shades Spring,706
OYO 40123 Palm Shades Spring,932
OYO 40123 Palm Shades Spring,765
OYO 40123 Palm Shades Spring,800
OYO 40123 Palm Shades Spring,1121
OYO 40123 Palm Shades Spring,741
OYO 40123 Palm Shades Spring,802
OYO 40123 Palm Shades Spring,815
OYO 40123 Palm Shades Spring,839
OYO 40123 Palm Shades Spring,1121
Capital O 23094 Mint Porvorim Suites,400
Capital O 23094 Mint Porvorim Suites,412
Capital O 23094 Mint Porvorim Suites,750
Capital O 23094 Mint Porvorim Suites,724
Capital O 23094 Mint Porvorim Suites,750
Capital O 23094 Mint Porvorim Suites,550
Capital O 23094 Mint Porvorim Suites,853
Capital O 23094 Mint Porvorim Suites,760
Capital O 23094 Mint Porvorim Suites,750
Capital O 23094 Mint Porvorim Suites,857
Capital O 23094 Mint Porvorim Suites,706
Capital O 23094 Mint Porvorim Suites,932
Capital O 23094 Mint Porvorim Suites,765
Capital O 23094 Mint Porvorim Suites,800
Capital O 23094 Mint Porvorim Suites,1121
Capital O 23094 Mint Porvorim Suites,741
Capital O 23094 Mint Porvorim Suites,802
Capital O 23094 Mint Porvorim Suites,815
Capital O 23094 Mint Porvorim Suites,839
Capital O 23094 Mint Porvorim Suites,1121
OYO 38698 Sindola Inn,400
OYO 38698 Sindola Inn,412
OYO 38698 Sindola Inn,750
OYO 38698 Sindola Inn,724
OYO 38698 Sindola Inn,750
OYO 38698 Sindola Inn,550
OYO 38698 Sindola Inn,853
OYO 38698 Sindola Inn,760
OYO 38698 Sindola Inn,750
OYO 38698 Sindola Inn,857
OYO 38698 Sindola Inn,706
OYO 38698 Sindola Inn,932
OYO 38698 Sindola Inn,765
OYO 38698 Sindola Inn,800
OYO 38698 Sindola Inn,1121
OYO 38698 Sindola Inn,741
OYO 38698 Sindola Inn,802
OYO 38698 Sindola Inn,815
OYO 38698 Sindola Inn,839
OYO 38698 Sindola Inn,1121
OYO Home 46987 Peaceful 2bhk Volvonnem,400
OYO Home 46987 Peaceful 2bhk Volvonnem,412
OYO Home 46987 Peaceful 2bhk Volvonnem,750
OYO Home 46987 Peaceful 2bhk Volvonnem,724
OYO Home 46987 Peaceful 2bhk Volvonnem,750
OYO Home 46987 Peaceful 2bhk Volvonnem,550
OYO Home 46987 Peaceful 2bhk Volvonnem,853
OYO Home 46987 Peaceful 2bhk Volvonnem,760
OYO Home 46987 Peaceful 2bhk Volvonnem,750
OYO Home 46987 Peaceful 2bhk Volvonnem,857
OYO Home 46987 Peaceful 2bhk Volvonnem,706
OYO Home 46987 Peaceful 2bhk Volvonnem,932
OYO Home 46987 Peaceful 2bhk Volvonnem,765
OYO Home 46987 Peaceful 2bhk Volvonnem,800
OYO Home 46987 Peaceful 2bhk Volvonnem,1121
OYO Home 46987 Peaceful 2bhk Volvonnem,741
OYO Home 46987 Peaceful 2bhk Volvonnem,802
OYO Home 46987 Peaceful 2bhk Volvonnem,815
OYO Home 46987 Peaceful 2bhk Volvonnem,839
OYO Home 46987 Peaceful 2bhk Volvonnem,1121
OYO 2686 Hotel Shaurya,400
OYO 2686 Hotel Shaurya,412
OYO 2686 Hotel Shaurya,750
OYO 2686 Hotel Shaurya,724
OYO 2686 Hotel Shaurya,750
OYO 2686 Hotel Shaurya,550
OYO 2686 Hotel Shaurya,853
OYO 2686 Hotel Shaurya,760
OYO 2686 Hotel Shaurya,750
OYO 2686 Hotel Shaurya,857
OYO 2686 Hotel Shaurya,706
OYO 2686 Hotel Shaurya,932
OYO 2686 Hotel Shaurya,765
OYO 2686 Hotel Shaurya,800
OYO 2686 Hotel Shaurya,1121
OYO 2686 Hotel Shaurya,741
OYO 2686 Hotel Shaurya,802
OYO 2686 Hotel Shaurya,815
OYO 2686 Hotel Shaurya,839
OYO 2686 Hotel Shaurya,1121
OYO Home 47259 Spacious 1bhk Vagator,400
OYO Home 47259 Spacious 1bhk Vagator,412
OYO Home 47259 Spacious 1bhk Vagator,750
OYO Home 47259 Spacious 1bhk Vagator,724
OYO Home 47259 Spacious 1bhk Vagator,750
OYO Home 47259 Spacious 1bhk Vagator,550
OYO Home 47259 Spacious 1bhk Vagator,853
OYO Home 47259 Spacious 1bhk Vagator,760
OYO Home 47259 Spacious 1bhk Vagator,750
OYO Home 47259 Spacious 1bhk Vagator,857
OYO Home 47259 Spacious 1bhk Vagator,706
OYO Home 47259 Spacious 1bhk Vagator,932
OYO Home 47259 Spacious 1bhk Vagator,765
OYO Home 47259 Spacious 1bhk Vagator,800
OYO Home 47259 Spacious 1bhk Vagator,1121
OYO Home 47259 Spacious 1bhk Vagator,741
OYO Home 47259 Spacious 1bhk Vagator,802
OYO Home 47259 Spacious 1bhk Vagator,815
OYO Home 47259 Spacious 1bhk Vagator,839
OYO Home 47259 Spacious 1bhk Vagator,1121
OYO 47045 Graciano Cottages,400
OYO 47045 Graciano Cottages,412
OYO 47045 Graciano Cottages,750
OYO 47045 Graciano Cottages,724
OYO 47045 Graciano Cottages,750
OYO 47045 Graciano Cottages,550
OYO 47045 Graciano Cottages,853
OYO 47045 Graciano Cottages,760
OYO 47045 Graciano Cottages,750
OYO 47045 Graciano Cottages,857
OYO 47045 Graciano Cottages,706
OYO 47045 Graciano Cottages,932
OYO 47045 Graciano Cottages,765
OYO 47045 Graciano Cottages,800
OYO 47045 Graciano Cottages,1121
OYO 47045 Graciano Cottages,741
OYO 47045 Graciano Cottages,802
OYO 47045 Graciano Cottages,815
OYO 47045 Graciano Cottages,839
OYO 47045 Graciano Cottages,1121
OYO 1153 The Sky Hotel,400
OYO 1153 The Sky Hotel,412
OYO 1153 The Sky Hotel,750
OYO 1153 The Sky Hotel,724
OYO 1153 The Sky Hotel,750
OYO 1153 The Sky Hotel,550
OYO 1153 The Sky Hotel,853
OYO 1153 The Sky Hotel,760
OYO 1153 The Sky Hotel,750
OYO 1153 The Sky Hotel,857
OYO 1153 The Sky Hotel,706
OYO 1153 The Sky Hotel,932
OYO 1153 The Sky Hotel,765
OYO 1153 The Sky Hotel,800
OYO 1153 The Sky Hotel,1121
OYO 1153 The Sky Hotel,741
OYO 1153 The Sky Hotel,802
OYO 1153 The Sky Hotel,815
OYO 1153 The Sky Hotel,839
OYO 1153 The Sky Hotel,1121
OYO Flagship 24194 Villa De Vasco,400
OYO Flagship 24194 Villa De Vasco,412
OYO Flagship 24194 Villa De Vasco,750
OYO Flagship 24194 Villa De Vasco,724
OYO Flagship 24194 Villa De Vasco,750
OYO Flagship 24194 Villa De Vasco,550
OYO Flagship 24194 Villa De Vasco,853
OYO Flagship 24194 Villa De Vasco,760
OYO Flagship 24194 Villa De Vasco,750
OYO Flagship 24194 Villa De Vasco,857
OYO Flagship 24194 Villa De Vasco,706
OYO Flagship 24194 Villa De Vasco,932
OYO Flagship 24194 Villa De Vasco,765
OYO Flagship 24194 Villa De Vasco,800
OYO Flagship 24194 Villa De Vasco,1121
OYO Flagship 24194 Villa De Vasco,741
OYO Flagship 24194 Villa De Vasco,802
OYO Flagship 24194 Villa De Vasco,815
OYO Flagship 24194 Villa De Vasco,839
OYO Flagship 24194 Villa De Vasco,1121
OYO 23035 Srinivas Residency,400
OYO 23035 Srinivas Residency,412
OYO 23035 Srinivas Residency,750
OYO 23035 Srinivas Residency,724
OYO 23035 Srinivas Residency,750
OYO 23035 Srinivas Residency,550
OYO 23035 Srinivas Residency,853
OYO 23035 Srinivas Residency,760
OYO 23035 Srinivas Residency,750
OYO 23035 Srinivas Residency,857
OYO 23035 Srinivas Residency,706
OYO 23035 Srinivas Residency,932
OYO 23035 Srinivas Residency,765
OYO 23035 Srinivas Residency,800
OYO 23035 Srinivas Residency,1121
OYO 23035 Srinivas Residency,741
OYO 23035 Srinivas Residency,802
OYO 23035 Srinivas Residency,815
OYO 23035 Srinivas Residency,839
OYO 23035 Srinivas Residency,1121
Collection O 30083 The Sapphire Comfort Hotel Deluxe,400
Collection O 30083 The Sapphire Comfort Hotel Deluxe,412
Collection O 30083 The Sapphire Comfort Hotel Deluxe,750
Collection O 30083 The Sapphire Comfort Hotel Deluxe,724
Collection O 30083 The Sapphire Comfort Hotel Deluxe,750
Collection O 30083 The Sapphire Comfort Hotel Deluxe,550
Collection O 30083 The Sapphire Comfort Hotel Deluxe,853
Collection O 30083 The Sapphire Comfort Hotel Deluxe,760
Collection O 30083 The Sapphire Comfort Hotel Deluxe,750
Collection O 30083 The Sapphire Comfort Hotel Deluxe,857
Collection O 30083 The Sapphire Comfort Hotel Deluxe,706
Collection O 30083 The Sapphire Comfort Hotel Deluxe,932
Collection O 30083 The Sapphire Comfort Hotel Deluxe,765
Collection O 30083 The Sapphire Comfort Hotel Deluxe,800
Collection O 30083 The Sapphire Comfort Hotel Deluxe,1121
Collection O 30083 The Sapphire Comfort Hotel Deluxe,741
Collection O 30083 The Sapphire Comfort Hotel Deluxe,802
Collection O 30083 The Sapphire Comfort Hotel Deluxe,815
Collection O 30083 The Sapphire Comfort Hotel Deluxe,839
Collection O 30083 The Sapphire Comfort Hotel Deluxe,1121
OYO Home 45802 Lavish Apartment In Dona Paula,400
OYO Home 45802 Lavish Apartment In Dona Paula,412
OYO Home 45802 Lavish Apartment In Dona Paula,750
OYO Home 45802 Lavish Apartment In Dona Paula,724
OYO Home 45802 Lavish Apartment In Dona Paula,750
OYO Home 45802 Lavish Apartment In Dona Paula,550
OYO Home 45802 Lavish Apartment In Dona Paula,853
OYO Home 45802 Lavish Apartment In Dona Paula,760
OYO Home 45802 Lavish Apartment In Dona Paula,750
OYO Home 45802 Lavish Apartment In Dona Paula,857
OYO Home 45802 Lavish Apartment In Dona Paula,706
OYO Home 45802 Lavish Apartment In Dona Paula,932
OYO Home 45802 Lavish Apartment In Dona Paula,765
OYO Home 45802 Lavish Apartment In Dona Paula,800
OYO Home 45802 Lavish Apartment In Dona Paula,1121
OYO Home 45802 Lavish Apartment In Dona Paula,741
OYO Home 45802 Lavish Apartment In Dona Paula,802
OYO Home 45802 Lavish Apartment In Dona Paula,815
OYO Home 45802 Lavish Apartment In Dona Paula,839
OYO Home 45802 Lavish Apartment In Dona Paula,1121
